{"xREwBT97Xuj+GnDZ9J4aaQ==":"282604-122x122.png","W4+blXJXV4kd8dpTIZdtLQ==":"working-2000x1500.jpg","lfc8ZdcAgLKXmaOVUlrtCg==":"leaf-2000x1333.jpg","LN/b1hd+vXB/DVSuKY5Uag==":"build-761x500.jpg","wFlzkM4IlDqnuLEybuz0JA==":"logo2.png","gZ8LDtrrPnol8v+m0xSr2g==":"bulb%20icon-60x60.png","uEON4Nziu9TFnLSm8Vb70Q==":"bulb-icon-192x192.png","B9ARrk52p4xAdpQs7JofQw==":"bulb-icon-122x122.png","haj8Te+cKrt5BjuLZXmCaA==":"mountain-2000x1191.jpg","6VHAeK70XXUQQneDHkh8Jg==":"food-2000x1305.jpg","aT+tkchYLZqPTCNCsXHiyg==":"man-2000x1335.jpg","Tz7lX2deYNWVoOJz7CMPPg==":"toy-2000x1336.jpg","2pNjds5TtV3j2tIUQJrpUw==":"nature-2000x1333.jpg","AHXLCl/JS/BjRZUsUB/99g==":"food-1-2000x1305.jpg","nWgiM+fWCNW+1GA11W3SnQ==":"bulb-icon-1-192x192.png"}